<?xml version="1.0" encoding="utf-8" ?>
<dwsync>
<file name="404.html" server="ftp.populerdunya.com/vcard-01/" local="131057309437517045" remote="131057983800000000" Dst="2" />
<file name="about.html" server="ftp.populerdunya.com/vcard-01/" local="131058243050000000" remote="131057983800000000" Dst="2" />
<file name="blog-latest.html" server="ftp.populerdunya.com/vcard-01/" local="131057210372673950" remote="131057983800000000" Dst="2" />
<file name="blog-single.html" server="ftp.populerdunya.com/vcard-01/" local="131057339360032628" remote="131057983800000000" Dst="2" />
<file name="blog.html" server="ftp.populerdunya.com/vcard-01/" local="131057312803118645" remote="131057983800000000" Dst="2" />
<file name="contact.html" server="ftp.populerdunya.com/vcard-01/" local="131057210373354068" remote="131057983800000000" Dst="2" />
<file name="credits.txt" server="ftp.populerdunya.com/vcard-01/" local="131057227405895199" remote="131057983800000000" Dst="2" />
<file name="form-elements.html" server="ftp.populerdunya.com/vcard-01/" local="131057210372753945" remote="131057983800000000" Dst="2" />
<file name="grid.html" server="ftp.populerdunya.com/vcard-01/" local="131057210372843957" remote="131057983800000000" Dst="2" />
<file name="page-full-width.html" server="ftp.populerdunya.com/vcard-01/" local="131057210372918997" remote="131057983800000000" Dst="2" />
<file name="portfolio-item-01.html" server="ftp.populerdunya.com/vcard-01/" local="131057333595465859" remote="131057983800000000" Dst="2" />
<file name="portfolio-item-02.html" server="ftp.populerdunya.com/vcard-01/" local="131057335841229001" remote="131057983800000000" Dst="2" />
<file name="portfolio-item-03.html" server="ftp.populerdunya.com/vcard-01/" local="131057336956626282" remote="131057983800000000" Dst="2" />
<file name="portfolio.html" server="ftp.populerdunya.com/vcard-01/" local="131057210373274072" remote="131057983800000000" Dst="2" />
<file name="resume.html" server="ftp.populerdunya.com/vcard-01/" local="131057210373434081" remote="131057983800000000" Dst="2" />
<file name="send-mail.php" server="ftp.populerdunya.com/vcard-01/" local="131060686906619956" remote="131060362800000000" Dst="2" />
<file name="shortcodes.html" server="ftp.populerdunya.com/vcard-01/" local="131057210373554085" remote="131057983800000000" Dst="2" />
<file name="typography.html" server="ftp.populerdunya.com/vcard-01/" local="131057210373949154" remote="131057983800000000" Dst="2" />
<file name="404.html" server="ftp.populerdunya.com/ucard-html/" local="131060713853137133" remote="131060395800000000" Dst="2" />
<file name="about.html" server="ftp.populerdunya.com/ucard-html/" local="131060713855452438" remote="131060395800000000" Dst="2" />
<file name="blog-latest.html" server="ftp.populerdunya.com/ucard-html/" local="131060713853402199" remote="131060395800000000" Dst="2" />
<file name="blog-no-sidebar.html" server="ftp.populerdunya.com/ucard-html/" local="131060713855227417" remote="131060395800000000" Dst="2" />
<file name="blog-single-no-sidebar.html" server="ftp.populerdunya.com/ucard-html/" local="131060713855347428" remote="131060395800000000" Dst="2" />
<file name="blog-single.html" server="ftp.populerdunya.com/ucard-html/" local="131060713853552210" remote="131060395800000000" Dst="2" />
<file name="blog.html" server="ftp.populerdunya.com/ucard-html/" local="131060713853722217" remote="131060395800000000" Dst="2" />
<file name="contact.html" server="ftp.populerdunya.com/ucard-html/" local="131060713853832223" remote="131060395800000000" Dst="2" />
<file name="form-elements.html" server="ftp.populerdunya.com/ucard-html/" local="131060713853952230" remote="131060395800000000" Dst="2" />
<file name="grid.html" server="ftp.populerdunya.com/ucard-html/" local="131060713854102292" remote="131060395800000000" Dst="2" />
<file name="page-full-width.html" server="ftp.populerdunya.com/ucard-html/" local="131060713854257306" remote="131060395800000000" Dst="2" />
<file name="portfolio-item-01.html" server="ftp.populerdunya.com/ucard-html/" local="131060713854337312" remote="131060395800000000" Dst="2" />
<file name="portfolio-item-02.html" server="ftp.populerdunya.com/ucard-html/" local="131060713854427324" remote="131060395800000000" Dst="2" />
<file name="portfolio-item-03.html" server="ftp.populerdunya.com/ucard-html/" local="131060713854512333" remote="131060395800000000" Dst="2" />
<file name="portfolio.html" server="ftp.populerdunya.com/ucard-html/" local="131060713854602342" remote="131060395800000000" Dst="2" />
<file name="resume.html" server="ftp.populerdunya.com/ucard-html/" local="131060713854712358" remote="131060395800000000" Dst="2" />
<file name="send-mail.php" server="ftp.populerdunya.com/ucard-html/" local="131060686906619956" remote="131060395800000000" Dst="2" />
<file name="shortcodes.html" server="ftp.populerdunya.com/ucard-html/" local="131060713854862373" remote="131060395800000000" Dst="2" />
<file name="typography.html" server="ftp.populerdunya.com/ucard-html/" local="131060713854987387" remote="131060395800000000" Dst="2" />
<file name="404.html" server="ftp.populerdunya.com/uncover-html/" local="131545490712474171" remote="131546824200000000" Dst="0" />
<file name="about.html" server="ftp.populerdunya.com/uncover-html/" local="131545490712734286" remote="131546824200000000" Dst="0" />
<file name="blog-latest.html" server="ftp.populerdunya.com/uncover-html/" local="131545490712884246" remote="131546824200000000" Dst="0" />
<file name="blog-no-sidebar.html" server="ftp.populerdunya.com/uncover-html/" local="131546432871922399" remote="131546824200000000" Dst="0" />
<file name="blog-single-no-sidebar.html" server="ftp.populerdunya.com/uncover-html/" local="131545490713449386" remote="131546824200000000" Dst="0" />
<file name="blog-single.html" server="ftp.populerdunya.com/uncover-html/" local="131545490713744591" remote="131546824200000000" Dst="0" />
<file name="blog.html" server="ftp.populerdunya.com/uncover-html/" local="131546433935763333" remote="131546824200000000" Dst="0" />
<file name="change-log.txt" server="ftp.populerdunya.com/uncover-html/" local="131539609042508641" remote="131541075600000000" Dst="0" />
<file name="contact.html" server="ftp.populerdunya.com/uncover-html/" local="131545490714104615" remote="131546824200000000" Dst="0" />
<file name="credits.txt" server="ftp.populerdunya.com/uncover-html/" local="131479631735090506" remote="131480254200000000" Dst="0" />
<file name="form-elements.html" server="ftp.populerdunya.com/uncover-html/" local="131545490714344627" remote="131546824200000000" Dst="0" />
<file name="grid.html" server="ftp.populerdunya.com/uncover-html/" local="131545490714574681" remote="131546824200000000" Dst="0" />
<file name="index2.html" server="ftp.populerdunya.com/uncover-html/" local="131539639841378413" remote="131541075600000000" Dst="0" />
<file name="page-full-width.html" server="ftp.populerdunya.com/uncover-html/" local="131545490714824750" remote="131546824200000000" Dst="0" />
<file name="portfolio-item-01.html" server="ftp.populerdunya.com/uncover-html/" local="131545490714964755" remote="131546824200000000" Dst="0" />
<file name="portfolio-item-02.html" server="ftp.populerdunya.com/uncover-html/" local="131545490715194812" remote="131546824200000000" Dst="0" />
<file name="portfolio-item-03.html" server="ftp.populerdunya.com/uncover-html/" local="131545490715414820" remote="131546824200000000" Dst="0" />
<file name="portfolio.html" server="ftp.populerdunya.com/uncover-html/" local="131545490717095081" remote="131546824200000000" Dst="0" />
<file name="resume.html" server="ftp.populerdunya.com/uncover-html/" local="131545490715659842" remote="131546824200000000" Dst="0" />
<file name="send-mail.php" server="ftp.populerdunya.com/uncover-html/" local="131060686900000000" remote="131472575400000000" Dst="0" />
<file name="shortcodes.html" server="ftp.populerdunya.com/uncover-html/" local="131545490715914900" remote="131546824200000000" Dst="0" />
<file name="typography.html" server="ftp.populerdunya.com/uncover-html/" local="131545490716154960" remote="131546824200000000" Dst="0" />
<file name="index3.html" server="ftp.populerdunya.com/uncover-html/" local="131539638895703594" remote="131541075600000000" Dst="0" />
<file name="Customizer.txt" server="ftp.populerdunya.com/uncover-html/" local="131539582190077646" remote="131541075600000000" Dst="0" />
<file name="404.html" server="ftp.populerdunya.com/ikonik-html/" local="132127591043046962" remote="132132610200000000" Dst="0" />
<file name="about.html" server="ftp.populerdunya.com/ikonik-html/" local="132173513653179945" remote="132173317200000000" Dst="1" />
<file name="blog-latest.html" server="ftp.populerdunya.com/ikonik-html/" local="132127591043166317" remote="132132610200000000" Dst="0" />
<file name="blog-no-sidebar.html" server="ftp.populerdunya.com/ikonik-html/" local="132127591043216175" remote="132132610200000000" Dst="0" />
<file name="blog-single-no-sidebar.html" server="ftp.populerdunya.com/ikonik-html/" local="132127591043256232" remote="132132610200000000" Dst="0" />
<file name="blog-single.html" server="ftp.populerdunya.com/ikonik-html/" local="132127591043345846" remote="132132610200000000" Dst="0" />
<file name="blog.html" server="ftp.populerdunya.com/ikonik-html/" local="132127591043405899" remote="132132610200000000" Dst="0" />
<file name="change-log.txt" server="ftp.populerdunya.com/ikonik-html/" local="132115728055427380" remote="132132610200000000" Dst="0" />
<file name="contact.html" server="ftp.populerdunya.com/ikonik-html/" local="132127591043435585" remote="132132610200000000" Dst="0" />
<file name="credits.txt" server="ftp.populerdunya.com/ikonik-html/" local="132023385701779650" remote="132132610200000000" Dst="0" />
<file name="Customizer.txt" server="ftp.populerdunya.com/ikonik-html/" local="132120633672196283" remote="132132610200000000" Dst="0" />
<file name="form-elements.html" server="ftp.populerdunya.com/ikonik-html/" local="132127591043495426" remote="132132610200000000" Dst="0" />
<file name="grid.html" server="ftp.populerdunya.com/ikonik-html/" local="132127591043515624" remote="132132610200000000" Dst="0" />
<file name="index.html" server="ftp.populerdunya.com/ikonik-html/" local="132173571287704534" remote="132173319000000000" Dst="1" />
<file name="index2.html" server="ftp.populerdunya.com/ikonik-html/" local="132132911473526552" remote="132132624000000000" Dst="0" />
<file name="index3.html" server="ftp.populerdunya.com/ikonik-html/" local="132132894595058002" remote="132132610200000000" Dst="0" />
<file name="page-full-width.html" server="ftp.populerdunya.com/ikonik-html/" local="132127591043645037" remote="132132610200000000" Dst="0" />
<file name="portfolio-item-01.html" server="ftp.populerdunya.com/ikonik-html/" local="132127591043684924" remote="132132610200000000" Dst="0" />
<file name="portfolio-item-02.html" server="ftp.populerdunya.com/ikonik-html/" local="132127591043725003" remote="132132610200000000" Dst="0" />
<file name="portfolio-item-03.html" server="ftp.populerdunya.com/ikonik-html/" local="132127591043755069" remote="132132610200000000" Dst="0" />
<file name="portfolio.html" server="ftp.populerdunya.com/ikonik-html/" local="132127591043804684" remote="132132610200000000" Dst="0" />
<file name="resume.html" server="ftp.populerdunya.com/ikonik-html/" local="132127591043834663" remote="132132610200000000" Dst="0" />
<file name="send-mail.php" server="ftp.populerdunya.com/ikonik-html/" local="131937600538429595" remote="132014173200000000" Dst="0" />
<file name="shortcodes.html" server="ftp.populerdunya.com/ikonik-html/" local="132127591043874482" remote="132132610200000000" Dst="0" />
<file name="typography.html" server="ftp.populerdunya.com/ikonik-html/" local="132127591043904333" remote="132132610200000000" Dst="0" />
</dwsync>