<?xml version="1.0" encoding="utf-8" ?>
<dwsync>
<file name="main.js" server="ftp.populerdunya.com/vcard-01/" local="131060612425236549" remote="131060288400000000" Dst="2" />
<file name="main.js" server="ftp.populerdunya.com/ucard-html/" local="131077328698664785" remote="131077041000000000" Dst="2" />
<file name="main.js" server="ftp.populerdunya.com/uncover-html/" local="131608765359981378" remote="131608446600000000" Dst="0" />
<file name="main.js" server="ftp.populerdunya.com/ikonik-html/" local="132132891436281960" remote="132132609600000000" Dst="0" />
<file name="resize-sensor.js" server="ftp.populerdunya.com/ikonik-html/" local="131618236420000000" remote="132173317800000000" Dst="1" />
<file name="imagesloaded.js" server="ftp.populerdunya.com/ikonik-html/" local="131608724960000000" remote="132132609600000000" Dst="0" />
<file name="jquery-address.js" server="ftp.populerdunya.com/ikonik-html/" local="131608719560000000" remote="132132609600000000" Dst="0" />
<file name="jquery-easing.js" server="ftp.populerdunya.com/ikonik-html/" local="131608728010000000" remote="132132609600000000" Dst="0" />
<file name="jquery-fitvids.js" server="ftp.populerdunya.com/ikonik-html/" local="130779668730000000" remote="132132609600000000" Dst="0" />
<file name="jquery-isotope.js" server="ftp.populerdunya.com/ikonik-html/" local="131608725360000000" remote="132132609600000000" Dst="0" />
<file name="jquery-sticky-sidebar.js" server="ftp.populerdunya.com/ikonik-html/" local="131618228500000000" remote="132132609600000000" Dst="0" />
<file name="jquery-validate.js" server="ftp.populerdunya.com/ikonik-html/" local="131608725980000000" remote="132132609600000000" Dst="0" />
<file name="jquery.js" server="ftp.populerdunya.com/ikonik-html/" local="132126606208675344" remote="132132609600000000" Dst="0" />
<file name="tween-max.js" server="ftp.populerdunya.com/ikonik-html/" local="131797195390000000" remote="132132609600000000" Dst="0" />
</dwsync>