<?xml version="1.0" encoding="utf-8" ?>
<dwsync>
<file name="jost-300-light.woff" server="ftp.populerdunya.com/ikonik-html/" local="131940251238862197" remote="132173317200000000" Dst="1" />
<file name="jost-300-light.woff2" server="ftp.populerdunya.com/ikonik-html/" local="131940251209097323" remote="132173317200000000" Dst="1" />
<file name="jost-300-lightitalic.woff" server="ftp.populerdunya.com/ikonik-html/" local="131940253238358538" remote="132173317200000000" Dst="1" />
<file name="jost-300-lightitalic.woff2" server="ftp.populerdunya.com/ikonik-html/" local="131940253213807879" remote="132173317200000000" Dst="1" />
<file name="jost-400-book.woff" server="ftp.populerdunya.com/ikonik-html/" local="131940250865654754" remote="132173317200000000" Dst="1" />
<file name="jost-400-book.woff2" server="ftp.populerdunya.com/ikonik-html/" local="131940250839145157" remote="132173317200000000" Dst="1" />
<file name="jost-400-bookitalic.woff" server="ftp.populerdunya.com/ikonik-html/" local="131940250981230749" remote="132173317200000000" Dst="1" />
<file name="jost-400-bookitalic.woff2" server="ftp.populerdunya.com/ikonik-html/" local="131940250957032463" remote="132173317200000000" Dst="1" />
<file name="jost-500-medium.woff" server="ftp.populerdunya.com/ikonik-html/" local="131940250617863182" remote="132173317200000000" Dst="1" />
<file name="jost-500-medium.woff2" server="ftp.populerdunya.com/ikonik-html/" local="131940250579372016" remote="132173317200000000" Dst="1" />
<file name="jost-500-mediumitalic.woff" server="ftp.populerdunya.com/ikonik-html/" local="131940250743413906" remote="132173317200000000" Dst="1" />
<file name="jost-500-mediumitalic.woff2" server="ftp.populerdunya.com/ikonik-html/" local="131940250715554399" remote="132173317200000000" Dst="1" />
<file name="jost-600-semi.woff" server="ftp.populerdunya.com/ikonik-html/" local="131940250128516740" remote="132173317200000000" Dst="1" />
<file name="jost-600-semi.woff2" server="ftp.populerdunya.com/ikonik-html/" local="131940250093112585" remote="132173317200000000" Dst="1" />
<file name="jost-600-semiitalic.woff" server="ftp.populerdunya.com/ikonik-html/" local="131940250359639211" remote="132173317200000000" Dst="1" />
<file name="jost-600-semiitalic.woff2" server="ftp.populerdunya.com/ikonik-html/" local="131940250300268613" remote="132173317200000000" Dst="1" />
<file name="jost-700-bold.woff" server="ftp.populerdunya.com/ikonik-html/" local="131940249744882035" remote="132173317200000000" Dst="1" />
<file name="jost-700-bold.woff2" server="ftp.populerdunya.com/ikonik-html/" local="131940249636777320" remote="132173317200000000" Dst="1" />
<file name="jost-700-bolditalic.woff" server="ftp.populerdunya.com/ikonik-html/" local="131940249997708816" remote="132173317200000000" Dst="1" />
<file name="jost-700-bolditalic.woff2" server="ftp.populerdunya.com/ikonik-html/" local="131940249966291595" remote="132173317200000000" Dst="1" />
<file name="jost.css" server="ftp.populerdunya.com/ikonik-html/" local="131940255333538609" remote="132173317200000000" Dst="1" />
</dwsync>